Handle,Title,"Body (HTML)",Vendor,"Product Category",Type,Tags,Published,"Option1 Name","Option1 Value","Option1 Linked To","Option2 Name","Option2 Value","Option2 Linked To","Option3 Name","Option3 Value","Option3 Linked To","Variant SKU","Variant Grams","Variant Inventory Tracker","Variant Inventory Qty","Variant Inventory Policy","Variant Fulfillment Service","Variant Price","Variant Compare At Price","Variant Requires Shipping","Variant Taxable","Unit Price Total Measure","Unit Price Total Measure Unit","Unit Price Base Measure","Unit Price Base Measure Unit","Variant Barcode","Image Src","Image Position","Image Alt Text","Gift Card","SEO Title","SEO Description","Google Shopping / Google Product Category","Google Shopping / Gender","Google Shopping / Age Group","Google Shopping / MPN","Google Shopping / Condition","Google Shopping / Custom Product","Google Shopping / Custom Label 0","Google Shopping / Custom Label 1","Google Shopping / Custom Label 2","Google Shopping / Custom Label 3","Google Shopping / Custom Label 4","Dimension (product.metafields.custom.dimension)","Finish (product.metafields.custom.finish)","Material (product.metafields.custom.material)","Google: Custom Product (product.metafields.mm-google-shopping.custom_product)","Artwork frame material (product.metafields.shopify.artwork-frame-material)","Backrest type (product.metafields.shopify.backrest-type)","Bulb cap type (product.metafields.shopify.bulb-cap-type)","Color (product.metafields.shopify.color-pattern)","Decoration material (product.metafields.shopify.decoration-material)","Frame style (product.metafields.shopify.frame-style)","Furniture/Fixture features (product.metafields.shopify.furniture-fixture-features)","Furniture/Fixture material (product.metafields.shopify.furniture-fixture-material)","Light temperature (product.metafields.shopify.light-temperature)","Material (product.metafields.shopify.material)","Mounting type (product.metafields.shopify.mounting-type)","Seat type (product.metafields.shopify.seat-type)","Shape (product.metafields.shopify.shape)","Style (product.metafields.shopify.style)","Theme (product.metafields.shopify.theme)","Variant Image","Variant Weight Unit","Variant Tax Code","Cost per item",Status
terra-fold-1,"Ear to Wall","<p>This wall artwork captures the essence of intuitive emotions, offering a profound connection between artist and viewer. Its fluid forms seem to evolve organically, inviting <br>quiet contemplation and reflection. With a strong yet subtle presence, the piece radiates serenity, transforming any space into a meditative environment. Its textured layers, <br>crafted with meticulous care, speak to the inner journey of the artist, bringing depth and meaning to your interior. A quiet masterpiece that resonates with a sense of timeless <br>beauty and introspection.</p>",leidenschaft.in,"Home & Garden > Decor > Artwork > Posters, Prints, & Visual Artwork > Visual Artwork",Artworks,"Artworks, Malleka 2024 II",false,Title,"Default Title",,,,,,,,LD-WA-046,65000.0,shopify,100,deny,manual,250000.00,,true,true,,,,,,https://cdn.shopify.com/s/files/1/0946/4214/3527/files/0V8A0808-Copyil.jpg?v=1758280907,1,,false,,,,,,,,,,,,,,"H: 72 in | W: 48 in | D: 7 in","Smooth Concrete","Engineered Concrete | Engineered Wood | Metal ",,wood,,,beige,,unframed,,,,,,,,,"nature; spirituality; art",,kg,,,draft
terra-fold-4,"Terra Fold 4","<p>A collection of four mini artworks, these pieces are reflections of the artist’s intuitive emotions. Though small in scale, each artwork holds a powerful presence, creating <br>a dialogue between them that evolves with time. Their textured surfaces and soft movements offer moments of quiet reflection, while the set, as a whole, invites a playful yet <br>contemplative energy into your space. Perfect for creating a gallery-style arrangement, these mini masterpieces transform even the smallest corner into a haven of <br>thoughtful beauty and artistic evolution.</p>",leidenschaft.in,"Home & Garden > Decor > Artwork > Sculptures & Statues",Artworks,"Artworks, Malleka 2024 II",false,Title,"Default Title",,,,,,,,LD-WA-044,16000.0,shopify,100,deny,manual,75000.00,,true,true,,,,,,https://cdn.shopify.com/s/files/1/0946/4214/3527/files/EmptyName29.png?v=1758277926,1,,false,,,,,,,,,,,,,,"H: 15 in | W: 15 in | D: 2 in","Smooth Concrete","Engineered Concrete | Engineered Wood | Metal ",,,,,beige,wood,,,,,,,,,,"art; modern; nature; spirituality",,kg,,,draft
terra-fold-2,"Terra Fold 2","<p>This set of two smaller artworks carries the same quiet strength and evolving aesthetic as it's original version. Reflecting the artist’s intuitive emotions, they complement <br>one another in perfect harmony, their subtle movements hinting at transformation. Each piece offers a delicate balance of serenity and depth, making them ideal for smaller <br>spaces that crave a touch of reflection and artistry. Together, they invite viewers into a world of contemplation, where silence speaks volumes, and the art itself <br>seems to breathe.</p>",leidenschaft.in,"Home & Garden > Decor > Artwork > Posters, Prints, & Visual Artwork > Visual Artwork",Artworks,"Artworks, Malleka 2024 II",false,Title,"Default Title",,,,,,,,LD-WA-043,43000.0,shopify,100,deny,manual,135000.00,,true,true,,,,,,https://cdn.shopify.com/s/files/1/0946/4214/3527/files/EmptyName12.png?v=1758276994,1,,false,,,,,,,,,,,,,,"H: 36 in | W: 18 in | D: 3 in","Smooth Concrete","Engineered Concrete | Engineered Wood | Metal ",,wood,,,beige,,"framed; modern",,,,,,,,,"art; modern; spirituality",,kg,,,draft
balancing-act-sculpture,"Balancing Act Sculpture","<p><meta charset=""utf-8"">Gravity-defying artistry in stone. The Balancing Act Sculpture features a vertical stack of raw stones connected by vibrant terracotta elements, creating a dynamic interplay between rough natural forms and smooth ceramic curves. Each carefully selected stone contributes to the precarious yet stable composition, while the coral-red accents add warmth and visual flow. This striking piece transforms any space into a contemporary gallery.</p>",leidenschaft.in,"Home & Garden > Decor > Artwork > Sculptures & Statues",,"Echoes of the earth",true,Title,"Default Title",,,,,,,,"LD-SC-BA 1",58000.0,shopify,100,deny,manual,180000.00,,true,true,,,,,,https://cdn.shopify.com/s/files/1/0946/4214/3527/files/27.png?v=1757239628,1,,false,"Buy Balancing Act Sculpture Online in India | Best Balancing Act Sculpture",,,,,,,,,,,,,"Dia 15"" H 57"" ",,"Engineered Concrete | Metal ",,,,,"white; geometric; red; black","stone; ceramic; metal",,,,,,,,,,"art; nature",,kg,,,active
balancing-act-sculpture,,,,,,,,,,,,,,,,,,,,,,,,,,,,,,,,https://cdn.shopify.com/s/files/1/0946/4214/3527/files/20.png?v=1757239628,2,,,,,,,,,,,,,,,,,,,,,,,,,,,,,,,,,,,,,,,
balancing-act-sculpture,,,,,,,,,,,,,,,,,,,,,,,,,,,,,,,,https://cdn.shopify.com/s/files/1/0946/4214/3527/files/70.png?v=1757239628,3,,,,,,,,,,,,,,,,,,,,,,,,,,,,,,,,,,,,,,,
balancing-act-sculpture,,,,,,,,,,,,,,,,,,,,,,,,,,,,,,,,https://cdn.shopify.com/s/files/1/0946/4214/3527/files/89.png?v=1757239628,4,,,,,,,,,,,,,,,,,,,,,,,,,,,,,,,,,,,,,,,
balancing-act-sculpture,,,,,,,,,,,,,,,,,,,,,,,,,,,,,,,,https://cdn.shopify.com/s/files/1/0946/4214/3527/files/209.png?v=1757239628,5,,,,,,,,,,,,,,,,,,,,,,,,,,,,,,,,,,,,,,,
origin-mirror,"Origin Mirror","<p><meta charset=""utf-8"">Organic flow captured in reflection. The Origin Mirror features a fluid, asymmetrical design where smooth mirror surfaces connect through rough-hewn black stone joints. This artistic piece transforms functional reflection into wall sculpture, with natural stone elements adding textural contrast to the sleek mirror panels. The undulating form creates visual movement while providing practical functionality for entryways, living spaces, or dressing areas.</p>",leidenschaft.in,"Home & Garden > Decor > Mirrors",,"Echoes of the earth",true,Title,"Default Title",,,,,,,,"LD-M-OR 1",19000.0,shopify,99,deny,manual,35000.00,,true,true,,,,,,https://cdn.shopify.com/s/files/1/0946/4214/3527/files/76.png?v=1757239496,1,,false,"Buy Origin Mirror Online in India | Best Origin Mirror",,,,,,,,,,,,,"L 29"" W 0.7"" H 55.6""",,"Engineered Concrete | Metal | Engineered Wood",,,,,"gray; white",,,,,,,,,free-form,,,,kg,,,active
origin-mirror,,,,,,,,,,,,,,,,,,,,,,,,,,,,,,,,https://cdn.shopify.com/s/files/1/0946/4214/3527/files/85.png?v=1757239495,2,,,,,,,,,,,,,,,,,,,,,,,,,,,,,,,,,,,,,,,
origin-mirror,,,,,,,,,,,,,,,,,,,,,,,,,,,,,,,,https://cdn.shopify.com/s/files/1/0946/4214/3527/files/118.png?v=1757239495,3,,,,,,,,,,,,,,,,,,,,,,,,,,,,,,,,,,,,,,,
origin-mirror,,,,,,,,,,,,,,,,,,,,,,,,,,,,,,,,https://cdn.shopify.com/s/files/1/0946/4214/3527/files/147.png?v=1757239495,4,,,,,,,,,,,,,,,,,,,,,,,,,,,,,,,,,,,,,,,
slowburn-tealight-holder-i,"Slowburn Tealight Holder I","<p><meta charset=""utf-8"">Sculptural balance in earth and stone. The Slowburn Tealight Holder I showcases a terracotta dish elevated on rough volcanic rock, creating a striking platform for pillar candles or tealights. The contrast between smooth terracotta curves and raw stone texture brings natural drama to any setting. This versatile holder works beautifully solo or grouped with others from the collection, casting warm shadows that dance across surfaces.</p>",leidenschaft.in,"Home & Garden > Decor > Home Fragrance Accessories > Candle Holders",,"Echoes of the earth",true,Title,"Default Title",,,,,,,,"LD-CS-SB 7",600.0,shopify,100,deny,manual,4000.00,,true,true,,,,,,https://cdn.shopify.com/s/files/1/0946/4214/3527/files/149.png?v=1758686903,1,,false,"Buy Slowburn Tealight Holder I Online in India","Small enough to disappear into a corner, yet impossible to miss once lit. A whisper of light that turns the air intimate.",,,,,,,,,,,,"L4.5 "" W 4.5""  H 2""",,"Engineered Concrete | Metal",,,,,red,,,,,,wood,,,,,,,kg,,,active
slowburn-tealight-holder-i,,,,,,,,,,,,,,,,,,,,,,,,,,,,,,,,https://cdn.shopify.com/s/files/1/0946/4214/3527/files/187.png?v=1758686903,2,,,,,,,,,,,,,,,,,,,,,,,,,,,,,,,,,,,,,,,
slowburn-tealight-holder-i,,,,,,,,,,,,,,,,,,,,,,,,,,,,,,,,https://cdn.shopify.com/s/files/1/0946/4214/3527/files/221.png?v=1758686903,3,,,,,,,,,,,,,,,,,,,,,,,,,,,,,,,,,,,,,,,
slowburn-multi-light-holder-iii,"Slowburn Multi-Light Holder III","<p><span data-sheets-root=""1"">A piece of the landscape, carved from permanence, made for ritual.</span></p>",leidenschaft.in,"Home & Garden > Decor > Home Fragrance Accessories > Candle Holders",,"Echoes of the earth, Gifting",true,Title,"Default Title",,,,,,,,"LD-CS3-SB 6",2000.0,shopify,100,deny,manual,9500.00,,true,true,,,,,,https://cdn.shopify.com/s/files/1/0946/4214/3527/files/153.png?v=1757239240,1,,false,"Buy Slowburn Multi-Light Holder III Online in India",,,,,,,,,,,,,"L 15"" W 5"" H 3.5""",,"Engineered Concrete | Metal ",,,,,"geometric; red; black",,,,,,"ceramic; stone; wood",,,,,,,kg,,,active
slowburn-multi-light-holder-iii,,,,,,,,,,,,,,,,,,,,,,,,,,,,,,,,https://cdn.shopify.com/s/files/1/0946/4214/3527/files/75_135dc342-80a7-4e3d-b8bb-152c74282015.png?v=1757239240,2,,,,,,,,,,,,,,,,,,,,,,,,,,,,,,,,,,,,,,,
slowburn-multi-light-holder-iii,,,,,,,,,,,,,,,,,,,,,,,,,,,,,,,,https://cdn.shopify.com/s/files/1/0946/4214/3527/files/200_8a538fd4-4d65-4461-9704-b16a37ae3396.png?v=1757239239,3,,,,,,,,,,,,,,,,,,,,,,,,,,,,,,,,,,,,,,,
slowburn-multi-light-holder-iii,,,,,,,,,,,,,,,,,,,,,,,,,,,,,,,,https://cdn.shopify.com/s/files/1/0946/4214/3527/files/189.png?v=1757239240,4,,,,,,,,,,,,,,,,,,,,,,,,,,,,,,,,,,,,,,,
slowburn-multi-light-holder-iii,,,,,,,,,,,,,,,,,,,,,,,,,,,,,,,,https://cdn.shopify.com/s/files/1/0946/4214/3527/files/171_aaac116c-7163-4197-bd94-d4c579489562.png?v=1757239239,5,,,,,,,,,,,,,,,,,,,,,,,,,,,,,,,,,,,,,,,
slowburn-multi-light-holder-iii,,,,,,,,,,,,,,,,,,,,,,,,,,,,,,,,https://cdn.shopify.com/s/files/1/0946/4214/3527/files/172_78e35738-da4a-451a-92bb-e20ed6dcf8ab.png?v=1757239240,6,,,,,,,,,,,,,,,,,,,,,,,,,,,,,,,,,,,,,,,
slowburn-multi-light-holder-ii,"Slowburn Multi-Light Holder II","<p><span data-sheets-root=""1"">Small, almost secretive, holding a flicker that feels both ancient and personal.</span></p>",leidenschaft.in,"Home & Garden > Decor > Home Fragrance Accessories > Candle Holders",,"Echoes of the earth",true,Title,"Default Title",,,,,,,,"LD-CS-SB 5",950.0,shopify,100,deny,manual,6000.00,,true,true,,,,,,https://cdn.shopify.com/s/files/1/0946/4214/3527/files/12.png?v=1757239107,1,,false,"Buy Slowburn Multi-Light Holder II Online in India",,,,,,,,,,,,,"L 6.5"" W 4.5"" H 5""",,"Engineered Concrete | Metal ",,,,,geometric,,,,,,"ceramic; stone",,,,,,,kg,,,active
slowburn-multi-light-holder-ii,,,,,,,,,,,,,,,,,,,,,,,,,,,,,,,,https://cdn.shopify.com/s/files/1/0946/4214/3527/files/Untitled_1024_x_1707_px_1280_x_1707_px.png?v=1758090891,2,,,,,,,,,,,,,,,,,,,,,,,,,,,,,,,,,,,,,,,
slowburn-multi-light-holder-i,"Slowburn Multi-Light Holder I","<p><span data-sheets-root=""1"">Pieces of earth reshaped to cradle light, not competing with the flame but simply letting it be.</span></p>",leidenschaft.in,"Home & Garden > Decor > Home Fragrance Accessories > Candle Holders",,"Echoes of the earth",true,Title,"Default Title",,,,,,,,"LD-CS-SB 4",1500.0,shopify,100,deny,manual,6500.00,,true,true,,,,,,https://cdn.shopify.com/s/files/1/0946/4214/3527/files/216.png?v=1757238997,1,,false,,,,,,,,,,,,,,"L 5.5"" W 4.5"" H 7'",,"Engineered Concrete | Metal ",,,,,,,,,,,,,,,,,,kg,,,active
slowburn-multi-light-holder-i,,,,,,,,,,,,,,,,,,,,,,,,,,,,,,,,https://cdn.shopify.com/s/files/1/0946/4214/3527/files/128.png?v=1757238997,2,,,,,,,,,,,,,,,,,,,,,,,,,,,,,,,,,,,,,,,
slowburn-multi-light-holder-i,,,,,,,,,,,,,,,,,,,,,,,,,,,,,,,,https://cdn.shopify.com/s/files/1/0946/4214/3527/files/35.png?v=1757238997,3,,,,,,,,,,,,,,,,,,,,,,,,,,,,,,,,,,,,,,,
slowburn-dual-candle-holder,"Slowburn Dual Candle Holder","<p><meta charset=""utf-8"">Raw elegance carved from nature. The Slowburn Dual Candle Holder features jagged black stone formations that cradle two taper candles, creating dramatic ambiance for dining or display. Each piece showcases unique natural striations and textures, making every holder one-of-a-kind. The rough-hewn stone contrasts beautifully with smooth candle lines, bringing organic sophistication to modern interiors. Perfect for intimate dinners or meditative moments.</p>",leidenschaft.in,"Home & Garden > Decor > Home Fragrance Accessories > Candle Holders",,"Echoes of the earth",true,Title,"Default Title",,,,,,,,"LD-CS-SB 3",650.0,shopify,100,deny,manual,7500.00,,true,true,,,,,,https://cdn.shopify.com/s/files/1/0946/4214/3527/files/105.png?v=1757238898,1,,false,,,,,,,,,,,,,,"L 2.9"" W 2.6"" H 5.6""",,"Engineered Concrete | Metal ",,,,,"gray; brown; white",,,,,,stone,,,,,,,kg,,,active
slowburn-dual-candle-holder,,,,,,,,,,,,,,,,,,,,,,,,,,,,,,,,https://cdn.shopify.com/s/files/1/0946/4214/3527/files/9.png?v=1757238898,2,,,,,,,,,,,,,,,,,,,,,,,,,,,,,,,,,,,,,,,
slowburn-dual-candle-holder,,,,,,,,,,,,,,,,,,,,,,,,,,,,,,,,https://cdn.shopify.com/s/files/1/0946/4214/3527/files/26.png?v=1757238898,3,,,,,,,,,,,,,,,,,,,,,,,,,,,,,,,,,,,,,,,
slowburn-dual-candle-holder,,,,,,,,,,,,,,,,,,,,,,,,,,,,,,,,https://cdn.shopify.com/s/files/1/0946/4214/3527/files/58.png?v=1757238898,4,,,,,,,,,,,,,,,,,,,,,,,,,,,,,,,,,,,,,,,
slowburn-dual-candle-holder,,,,,,,,,,,,,,,,,,,,,,,,,,,,,,,,https://cdn.shopify.com/s/files/1/0946/4214/3527/files/77.png?v=1757238898,5,,,,,,,,,,,,,,,,,,,,,,,,,,,,,,,,,,,,,,,
slowburn-candle-holder-ii,"Slowburn Candle Holder II","<p><span data-sheets-root=""1"">A form that feels weathered, almost tide-worn, holding its flame like an offering, quiet, humble, and eternal.</span></p>",leidenschaft.in,"Home & Garden > Decor > Home Fragrance Accessories > Candle Holders",,"Echoes of the earth",true,Title,"Default Title",,,,,,,,"LD-CS-SB 2",1100.0,shopify,99,deny,manual,6200.00,,true,true,,,,,,https://cdn.shopify.com/s/files/1/0946/4214/3527/files/68.png?v=1757238762,1,,false,,,,,,,,,,,,,,"L 4.3"" W 3.9"" H 4.5""",,"Engineered Concrete | Metal ",,,,,,,,,,,,,,,,,,kg,,,active
slowburn-candle-holder-ii,,,,,,,,,,,,,,,,,,,,,,,,,,,,,,,,https://cdn.shopify.com/s/files/1/0946/4214/3527/files/53.png?v=1757238762,2,,,,,,,,,,,,,,,,,,,,,,,,,,,,,,,,,,,,,,,
slowburn-candle-holder-i,"Slowburn Candle Holder I","<p><span data-sheets-root=""1"">Two forms meeting, neither dominant, each giving way to the other, holding a single flame steady.</span></p>",leidenschaft.in,"Home & Garden > Decor > Home Fragrance Accessories > Candle Holders",,"Echoes of the earth",true,Title,"Default Title",,,,,,,,"LD-CS2-SB 1",1930.0,shopify,100,deny,manual,9500.00,,true,true,,,,,,https://cdn.shopify.com/s/files/1/0946/4214/3527/files/66.png?v=1757238653,1,,false,,,,,,,,,,,,,,"L 8"" W 5"" H 5"" ",,"Engineered Concrete | Metal ",,,,,"black; white; gray",,,,,,stone,,,,,,,kg,,,active
slowburn-candle-holder-i,,,,,,,,,,,,,,,,,,,,,,,,,,,,,,,,https://cdn.shopify.com/s/files/1/0946/4214/3527/files/6.png?v=1757238653,2,,,,,,,,,,,,,,,,,,,,,,,,,,,,,,,,,,,,,,,
slowburn-candle-holder-i,,,,,,,,,,,,,,,,,,,,,,,,,,,,,,,,https://cdn.shopify.com/s/files/1/0946/4214/3527/files/64.png?v=1757238653,3,,,,,,,,,,,,,,,,,,,,,,,,,,,,,,,,,,,,,,,
slowburn-candle-holder-i,,,,,,,,,,,,,,,,,,,,,,,,,,,,,,,,https://cdn.shopify.com/s/files/1/0946/4214/3527/files/84.png?v=1757238653,4,,,,,,,,,,,,,,,,,,,,,,,,,,,,,,,,,,,,,,,
slowburn-candle-holder-i,,,,,,,,,,,,,,,,,,,,,,,,,,,,,,,,https://cdn.shopify.com/s/files/1/0946/4214/3527/files/96.png?v=1757238653,5,,,,,,,,,,,,,,,,,,,,,,,,,,,,,,,,,,,,,,,
slowburn-candle-holder-i,,,,,,,,,,,,,,,,,,,,,,,,,,,,,,,,https://cdn.shopify.com/s/files/1/0946/4214/3527/files/206.png?v=1757238653,6,,,,,,,,,,,,,,,,,,,,,,,,,,,,,,,,,,,,,,,
slowburn-incense-stick-holder-ii,"Slowburn Multi Light Holder","<p><meta charset=""utf-8"">Sophisticated simplicity in terracotta and stone. The Slowburn Multi Light Holder features an elongated terracotta tray designed for three taper candles, creating graduated heights for dynamic display. A companion piece, a terracotta dish balanced on rough black stone completes the set, ideal for catching wax or holding small objects. Warm earthen tones and contrasting textures bring organic elegance to dining tables, mantels, or quiet corners.</p>",leidenschaft.in,"Home & Garden > Decor > Home Fragrance Accessories > Incense Holders",,"Echoes of the earth, Gifting",true,Title,"Default Title",,,,,,,,"LD-IH-SB 2",1790.0,shopify,100,deny,manual,8500.00,,true,true,,,,,,https://cdn.shopify.com/s/files/1/0946/4214/3527/files/73.png?v=1757238508,1,,false,,,,,,,,,,,,,,"L 15"" W 4"" H 3.5"" ",,"Engineered Concrete | Metal ",,,,,"geometric; black; gray; red",,,,,,"stone; ceramic; wood",,,,,,,kg,,,active
slowburn-incense-stick-holder-ii,,,,,,,,,,,,,,,,,,,,,,,,,,,,,,,,https://cdn.shopify.com/s/files/1/0946/4214/3527/files/200.png?v=1757238507,2,,,,,,,,,,,,,,,,,,,,,,,,,,,,,,,,,,,,,,,
slowburn-incense-stick-holder-ii,,,,,,,,,,,,,,,,,,,,,,,,,,,,,,,,https://cdn.shopify.com/s/files/1/0946/4214/3527/files/172.png?v=1757238507,3,,,,,,,,,,,,,,,,,,,,,,,,,,,,,,,,,,,,,,,
slowburn-incense-stick-holder-ii,,,,,,,,,,,,,,,,,,,,,,,,,,,,,,,,https://cdn.shopify.com/s/files/1/0946/4214/3527/files/171.png?v=1757238508,4,,,,,,,,,,,,,,,,,,,,,,,,,,,,,,,,,,,,,,,
slowburn-incense-stick-holder-ii,,,,,,,,,,,,,,,,,,,,,,,,,,,,,,,,https://cdn.shopify.com/s/files/1/0946/4214/3527/files/88.png?v=1757238508,5,,,,,,,,,,,,,,,,,,,,,,,,,,,,,,,,,,,,,,,
slowburn-incense-stick-holder-ii,,,,,,,,,,,,,,,,,,,,,,,,,,,,,,,,https://cdn.shopify.com/s/files/1/0946/4214/3527/files/75.png?v=1757238507,6,,,,,,,,,,,,,,,,,,,,,,,,,,,,,,,,,,,,,,,
slowburn-incense-stick-holder-ii,,,,,,,,,,,,,,,,,,,,,,,,,,,,,,,,https://cdn.shopify.com/s/files/1/0946/4214/3527/files/2.png?v=1757238508,7,,,,,,,,,,,,,,,,,,,,,,,,,,,,,,,,,,,,,,,
slowburn-incense-stick-holder-i,"Slowburn Incense Stick Holder I","<p><span data-sheets-root=""1"">Quiet little altars, holding smoke the way stone holds heat, ephemeral, fleeting, but deeply grounding.</span></p>",leidenschaft.in,"Home & Garden > Decor > Home Fragrance Accessories > Incense Holders",,"Echoes of the earth",true,Title,"Default Title",,,,,,,,"LD-IH-SB 1",1100.0,shopify,100,deny,manual,7500.00,,true,true,,,,,,https://cdn.shopify.com/s/files/1/0946/4214/3527/files/158.png?v=1757238336,1,,false,,,,,,,,,,,,,,"L 12"" W 2"" H 3.5""",,"Engineered Concrete | Metal ",,,,,"black; brown; gray",,,,,,"stone; wood",,,,,,,kg,,,active
slowburn-incense-stick-holder-i,,,,,,,,,,,,,,,,,,,,,,,,,,,,,,,,https://cdn.shopify.com/s/files/1/0946/4214/3527/files/5.png?v=1757238338,2,,,,,,,,,,,,,,,,,,,,,,,,,,,,,,,,,,,,,,,
slowburn-incense-stick-holder-i,,,,,,,,,,,,,,,,,,,,,,,,,,,,,,,,https://cdn.shopify.com/s/files/1/0946/4214/3527/files/22.png?v=1757238336,3,,,,,,,,,,,,,,,,,,,,,,,,,,,,,,,,,,,,,,,
origin-bench,"Origin Bench","<p><meta charset=""utf-8"">Flowing form meets grounded strength. The Origin Bench features a smooth, curved concrete seat that appears to float between two textured pillars. The seamless arc creates an inviting silhouette, while the raw concrete bases anchor the design with organic texture. This sculptural piece transforms seating into art, perfect for entryways, galleries, or outdoor spaces. Crafted from weather-resistant engineered concrete for lasting beauty.</p>",leidenschaft.in,"Furniture > Benches",,"Echoes of the earth",true,Title,"Default Title",,,,,,,,"LD-BN-OR 1",40000.0,shopify,99,deny,manual,45000.00,,true,true,,,,,,https://cdn.shopify.com/s/files/1/0946/4214/3527/files/90.png?v=1757238176,1,,false,,,,,,,,,,,,,,"L 66"" W 16 "" H 19 """,,"Engineered Concrete | Engineered Wood ",,,,,"beige; brown",,,,wood,,,,,,,,,kg,,,active
origin-bench,,,,,,,,,,,,,,,,,,,,,,,,,,,,,,,,https://cdn.shopify.com/s/files/1/0946/4214/3527/files/24.png?v=1757238177,2,,,,,,,,,,,,,,,,,,,,,,,,,,,,,,,,,,,,,,,
origin-bench,,,,,,,,,,,,,,,,,,,,,,,,,,,,,,,,https://cdn.shopify.com/s/files/1/0946/4214/3527/files/86.png?v=1757238176,3,,,,,,,,,,,,,,,,,,,,,,,,,,,,,,,,,,,,,,,
origin-bench,,,,,,,,,,,,,,,,,,,,,,,,,,,,,,,,https://cdn.shopify.com/s/files/1/0946/4214/3527/files/120.png?v=1757238177,4,,,,,,,,,,,,,,,,,,,,,,,,,,,,,,,,,,,,,,,
origin-bench,,,,,,,,,,,,,,,,,,,,,,,,,,,,,,,,https://cdn.shopify.com/s/files/1/0946/4214/3527/files/169.png?v=1757238176,5,,,,,,,,,,,,,,,,,,,,,,,,,,,,,,,,,,,,,,,
origin-peg-table-ii,"Origin Peg Table II","<p><meta charset=""utf-8"">Sculptural simplicity defined. The Origin Peg Table II showcases the signature tapered form with a smooth circular top flowing into a textured base. The natural gradient from refined concrete to rough, earthy texture creates visual interest while maintaining functional elegance. This versatile accent piece works beautifully beside sofas, beds, or as a plant stand, bringing organic warmth to contemporary spaces.</p>",leidenschaft.in,"Home & Garden > Decor > Vases",,"Echoes of the earth",true,Title,"Default Title",,,,,,,,"LD-PT-OR 2",10400.0,shopify,100,deny,manual,20000.00,,true,true,,,,,,https://cdn.shopify.com/s/files/1/0946/4214/3527/files/63.png?v=1757238065,1,,false,,,,,,,,,,,,,,"Dia 10"" H 25.4""",,"Engineered Concrete | Metal | Engineered Wood",,,,,,,,,,,,,,,,,,kg,,,active
origin-peg-table-ii,,,,,,,,,,,,,,,,,,,,,,,,,,,,,,,,https://cdn.shopify.com/s/files/1/0946/4214/3527/files/226.png?v=1757238065,2,,,,,,,,,,,,,,,,,,,,,,,,,,,,,,,,,,,,,,,
origin-peg-table-i,"Origin Peg Table I","<p><meta charset=""utf-8"">Elegance rises from the earth. The Origin Peg Table I collection features two tapered concrete pedestals at varying heights, each showcasing the signature gradient from smooth tops to richly textured bases. These versatile pieces function beautifully as individual accent tables or grouped together for dynamic display. The natural stone-beige finish and organic texture bring warmth to minimalist interiors while providing practical surfaces for plants, books, or decorative objects.</p>",leidenschaft.in,"Home & Garden > Decor > Vases",,"Echoes of the earth",true,Title,"Default Title",,,,,,,,"LD-PT-OR 1",24000.0,shopify,100,deny,manual,22000.00,,true,true,,,,,,https://cdn.shopify.com/s/files/1/0946/4214/3527/files/154.png?v=1757237975,1,,false,,"Elegance rises from the earth. The Origin Peg Table I collection features two tapered concrete pedestals at varying heights, each showcasing the signature gradient from smooth tops to richly textured bases. These versatile pieces function beautifully as individual accent tables or grouped together for dynamic display. The natural stone-beige finish and organic texture bring warmth to minimalist interiors while providing practical surfaces for plants, books, or decorative objects.

The price is for one side table.",,,,,,,,,,,,"Dia 8"" H 21"" 24""",,"Engineered Concrete | Engineered Wood ",,,,,,,,,,,,,,,,,,kg,,,active
origin-peg-table-i,,,,,,,,,,,,,,,,,,,,,,,,,,,,,,,,https://cdn.shopify.com/s/files/1/0946/4214/3527/files/157.png?v=1757237975,2,,,,,,,,,,,,,,,,,,,,,,,,,,,,,,,,,,,,,,,
origin-peg-table-i,,,,,,,,,,,,,,,,,,,,,,,,,,,,,,,,https://cdn.shopify.com/s/files/1/0946/4214/3527/files/44.png?v=1757237976,3,,,,,,,,,,,,,,,,,,,,,,,,,,,,,,,,,,,,,,,
origin-peg-table-i,,,,,,,,,,,,,,,,,,,,,,,,,,,,,,,,https://cdn.shopify.com/s/files/1/0946/4214/3527/files/38.png?v=1757237976,4,,,,,,,,,,,,,,,,,,,,,,,,,,,,,,,,,,,,,,,
origin-coffee-table-iii,"Origin Coffee Table III","<p><meta charset=""utf-8"">Striking sculptural design meets everyday durability. The Origin Coffee Table features a textured stone grey concrete base that spirals into a smooth, circular top, creating visual interest from every angle. Crafted from premium engineered concrete, it's built to withstand daily use while maintaining its sophisticated aesthetic. The neutral grey tone complements any décor, making it the perfect centrepiece for modern living spaces.</p>",leidenschaft.in,"Furniture > Tables > Accent Tables > Coffee Tables",,"Echoes of the earth",true,Title,"Default Title",,,,,,,,"LD-CT-OR 3",35000.0,shopify,100,deny,manual,40000.00,,true,true,,,,,,https://cdn.shopify.com/s/files/1/0946/4214/3527/files/113.png?v=1757237854,1,,false,,,,,,,,,,,,,,"Dia 36"" H 20""",,"Engineered Concrete | Engineered Wood ",,,,,,,,,,,,,,,,,,kg,,,active
origin-coffee-table-iii,,,,,,,,,,,,,,,,,,,,,,,,,,,,,,,,https://cdn.shopify.com/s/files/1/0946/4214/3527/files/174.png?v=1757237856,2,,,,,,,,,,,,,,,,,,,,,,,,,,,,,,,,,,,,,,,
origin-coffee-table-iii,,,,,,,,,,,,,,,,,,,,,,,,,,,,,,,,https://cdn.shopify.com/s/files/1/0946/4214/3527/files/184.png?v=1757237854,3,,,,,,,,,,,,,,,,,,,,,,,,,,,,,,,,,,,,,,,
origin-coffee-table-iii,,,,,,,,,,,,,,,,,,,,,,,,,,,,,,,,https://cdn.shopify.com/s/files/1/0946/4214/3527/files/196.png?v=1757237854,4,,,,,,,,,,,,,,,,,,,,,,,,,,,,,,,,,,,,,,,
origin-coffee-table-iii,,,,,,,,,,,,,,,,,,,,,,,,,,,,,,,,https://cdn.shopify.com/s/files/1/0946/4214/3527/files/217.png?v=1757237854,5,,,,,,,,,,,,,,,,,,,,,,,,,,,,,,,,,,,,,,,
origin-coffee-table-ii,"Origin Coffee Table II","<p><meta charset=""utf-8"">Architectural balance redefined. The Origin Coffee Table features twin tapered pedestals supporting a generous oval top, creating a striking centrepiece for contemporary living spaces. Each concrete base showcases natural texture gradients, smooth at the top, organically textured below. The elongated surface provides ample space for entertaining while maintaining visual lightness. Handcrafted from durable engineered concrete in warm stone tones.</p>",leidenschaft.in,"Furniture > Tables > Accent Tables",,"Echoes of the earth",true,Title,"Default Title",,,,,,,,"LD-CT-OR 2",25000.0,shopify,99,deny,manual,45000.00,,true,true,,,,,,https://cdn.shopify.com/s/files/1/0946/4214/3527/files/34.png?v=1757237765,1,,false,,,,,,,,,,,,,,"L 46.6"" W 24"" H 17.6"" ",,"Engineered Concrete | Engineered Wood",,,,,,,,,,,,,,,,,,kg,,,active
origin-coffee-table-ii,,,,,,,,,,,,,,,,,,,,,,,,,,,,,,,,https://cdn.shopify.com/s/files/1/0946/4214/3527/files/98.png?v=1757237764,2,,,,,,,,,,,,,,,,,,,,,,,,,,,,,,,,,,,,,,,
origin-coffee-table-ii,,,,,,,,,,,,,,,,,,,,,,,,,,,,,,,,https://cdn.shopify.com/s/files/1/0946/4214/3527/files/80.png?v=1757237765,3,,,,,,,,,,,,,,,,,,,,,,,,,,,,,,,,,,,,,,,
origin-coffee-table-ii,,,,,,,,,,,,,,,,,,,,,,,,,,,,,,,,https://cdn.shopify.com/s/files/1/0946/4214/3527/files/67.png?v=1757237765,4,,,,,,,,,,,,,,,,,,,,,,,,,,,,,,,,,,,,,,,
origin-coffee-table-ii,,,,,,,,,,,,,,,,,,,,,,,,,,,,,,,,https://cdn.shopify.com/s/files/1/0946/4214/3527/files/33.png?v=1757237765,5,,,,,,,,,,,,,,,,,,,,,,,,,,,,,,,,,,,,,,,
origin-coffee-table-ii,,,,,,,,,,,,,,,,,,,,,,,,,,,,,,,,https://cdn.shopify.com/s/files/1/0946/4214/3527/files/40.png?v=1757237765,6,,,,,,,,,,,,,,,,,,,,,,,,,,,,,,,,,,,,,,,
origin-coffee-table-i,"Origin Coffee Table I","<p><meta charset=""utf-8"">Minimalist geometry meets organic texture. The Origin Coffee Table I features a sculptural cylindrical base with an elegantly offset oval top. The design showcases a beautiful gradient from rough, earthy texture at the base to smooth, refined concrete above capturing nature's weathering process in engineered stone. This architectural piece anchors modern spaces with its substantial presence while maintaining visual sophistication. Perfect for contemporary homes seeking functional art.</p>",leidenschaft.in,"Furniture > Tables > Accent Tables > Coffee Tables",,"Echoes of the earth",true,Title,"Default Title",,,,,,,,"LD-CT-OR 1",35000.0,shopify,100,deny,manual,42000.00,,true,true,,,,,,https://cdn.shopify.com/s/files/1/0946/4214/3527/files/156.png?v=1757237635,1,,false,,,,,,,,,,,,,,"Dia 30"" H 18"" ",,"Engineered Concrete | Engineered Wood",,,,,,,,,,,,,,,,,,kg,,,active
origin-coffee-table-i,,,,,,,,,,,,,,,,,,,,,,,,,,,,,,,,https://cdn.shopify.com/s/files/1/0946/4214/3527/files/104.png?v=1757237634,2,,,,,,,,,,,,,,,,,,,,,,,,,,,,,,,,,,,,,,,
origin-coffee-table-i,,,,,,,,,,,,,,,,,,,,,,,,,,,,,,,,https://cdn.shopify.com/s/files/1/0946/4214/3527/files/134.png?v=1757237634,3,,,,,,,,,,,,,,,,,,,,,,,,,,,,,,,,,,,,,,,
origin-coffee-table-i,,,,,,,,,,,,,,,,,,,,,,,,,,,,,,,,https://cdn.shopify.com/s/files/1/0946/4214/3527/files/138.png?v=1757237634,4,,,,,,,,,,,,,,,,,,,,,,,,,,,,,,,,,,,,,,,
origin-coffee-table-i,,,,,,,,,,,,,,,,,,,,,,,,,,,,,,,,https://cdn.shopify.com/s/files/1/0946/4214/3527/files/145.png?v=1757237634,5,,,,,,,,,,,,,,,,,,,,,,,,,,,,,,,,,,,,,,,
origin-coffee-table-i,,,,,,,,,,,,,,,,,,,,,,,,,,,,,,,,https://cdn.shopify.com/s/files/1/0946/4214/3527/files/197.png?v=1757237634,6,,,,,,,,,,,,,,,,,,,,,,,,,,,,,,,,,,,,,,,
origin-coffee-table-i,,,,,,,,,,,,,,,,,,,,,,,,,,,,,,,,https://cdn.shopify.com/s/files/1/0946/4214/3527/files/8.png?v=1757237634,7,,,,,,,,,,,,,,,,,,,,,,,,,,,,,,,,,,,,,,,
set-in-stone-table,"Set in Stone Table","<p><meta charset=""utf-8"">Bold design meets natural beauty. The Set in Stone Table features a striking terracotta-finished top balanced on a raw stone base, creating an artistic statement piece that's surprisingly functional. <br>The warm rust-red surface contrasts beautifully with the rough-hewn foundation, bringing organic texture and colour to modern interiors. Handcrafted from durable materials, this sculptural accent table adds personality to any room while providing practical surface space.</p>",leidenschaft.in,"Furniture > Tables > Accent Tables > End Tables",,"Echoes of the earth",true,Title,"Default Title",,,,,,,,"LD-ST-ST 1",19750.0,shopify,98,deny,manual,53000.00,,true,true,,,,,,https://cdn.shopify.com/s/files/1/0946/4214/3527/files/1.png?v=1757237417,1,,false,,,,,,,,,,,,,,"D 14""  H 21 """,,"Engineered Concrete | Metal | Engineered Wood",,,,,,,,,,,,,,,,,,kg,,,active
set-in-stone-table,,,,,,,,,,,,,,,,,,,,,,,,,,,,,,,,https://cdn.shopify.com/s/files/1/0946/4214/3527/files/30.png?v=1757237417,2,,,,,,,,,,,,,,,,,,,,,,,,,,,,,,,,,,,,,,,
set-in-stone-table,,,,,,,,,,,,,,,,,,,,,,,,,,,,,,,,https://cdn.shopify.com/s/files/1/0946/4214/3527/files/108.png?v=1757237417,3,,,,,,,,,,,,,,,,,,,,,,,,,,,,,,,,,,,,,,,
set-in-stone-table,,,,,,,,,,,,,,,,,,,,,,,,,,,,,,,,https://cdn.shopify.com/s/files/1/0946/4214/3527/files/179.png?v=1757237417,4,,,,,,,,,,,,,,,,,,,,,,,,,,,,,,,,,,,,,,,
set-in-stone-table,,,,,,,,,,,,,,,,,,,,,,,,,,,,,,,,https://cdn.shopify.com/s/files/1/0946/4214/3527/files/194.png?v=1757237417,5,,,,,,,,,,,,,,,,,,,,,,,,,,,,,,,,,,,,,,,
balancing-act-table,"Balancing Act Table","<p><meta charset=""utf-8"">Nature and craft in dynamic tension. The Balancing Act Table features a dark concrete circular top supported by an asymmetric trio, one weathered driftwood leg alongside two sleek terracotta pillars. This sculptural side table challenges conventional design, creating visual intrigue through contrasting materials and forms. The organic wood element brings raw texture while the coral-red legs add contemporary polish to any interior.</p>",leidenschaft.in,"Furniture > Tables > Accent Tables > End Tables",,"Echoes of the earth",true,Title,"Default Title",,,,,,,,"LD-ST-BA 1",0.0,shopify,100,deny,manual,38000.00,,true,true,,,,,,https://cdn.shopify.com/s/files/1/0946/4214/3527/files/219.png?v=1757237244,1,,false,,,,,,,,,,,,,,"D 15""  H 21.5""",,"Engineered Concrete | Metal | Engineered Wood ",,,,,,,,,,,,,,,,,,kg,,,active
balancing-act-table,,,,,,,,,,,,,,,,,,,,,,,,,,,,,,,,https://cdn.shopify.com/s/files/1/0946/4214/3527/files/210.png?v=1757237244,2,,,,,,,,,,,,,,,,,,,,,,,,,,,,,,,,,,,,,,,
balancing-act-table,,,,,,,,,,,,,,,,,,,,,,,,,,,,,,,,https://cdn.shopify.com/s/files/1/0946/4214/3527/files/175.png?v=1757237244,3,,,,,,,,,,,,,,,,,,,,,,,,,,,,,,,,,,,,,,,
balancing-act-table,,,,,,,,,,,,,,,,,,,,,,,,,,,,,,,,https://cdn.shopify.com/s/files/1/0946/4214/3527/files/166.png?v=1757237244,4,,,,,,,,,,,,,,,,,,,,,,,,,,,,,,,,,,,,,,,
balancing-act-table,,,,,,,,,,,,,,,,,,,,,,,,,,,,,,,,https://cdn.shopify.com/s/files/1/0946/4214/3527/files/151.png?v=1757237244,5,,,,,,,,,,,,,,,,,,,,,,,,,,,,,,,,,,,,,,,
balancing-act-table,,,,,,,,,,,,,,,,,,,,,,,,,,,,,,,,https://cdn.shopify.com/s/files/1/0946/4214/3527/files/119.png?v=1757237244,6,,,,,,,,,,,,,,,,,,,,,,,,,,,,,,,,,,,,,,,
balancing-act-coffee-table,"Balancing Act Coffee Table","<p><meta charset=""utf-8"">Bold contrast in perfect equilibrium. The Balancing Act Coffee Table features a sleek concrete top supported by three distinct legs, one raw black stone and two vibrant terracotta pillars. This asymmetric design creates visual tension while maintaining stability, transforming functional furniture into artistic statement. The interplay between rough natural stone and smooth ceramic elements brings dynamic energy to modern living spaces.</p>",leidenschaft.in,"Furniture > Tables > Accent Tables",,"Echoes of the earth",true,Title,"Default Title",,,,,,,,LD-CT-BA-1,8350.0,shopify,99,deny,manual,48000.00,,true,true,,,,,,https://cdn.shopify.com/s/files/1/0946/4214/3527/files/11.png?v=1757237133,1,,false,,,,,,,,,,,,,,"Dia 24"" H 17""",,"Engineered Concrete | Metal | Engineered Wood ",,,,,,,,,,,,,,,,,,kg,,,active
balancing-act-coffee-table,,,,,,,,,,,,,,,,,,,,,,,,,,,,,,,,https://cdn.shopify.com/s/files/1/0946/4214/3527/files/55.png?v=1757237133,2,,,,,,,,,,,,,,,,,,,,,,,,,,,,,,,,,,,,,,,
balancing-act-coffee-table,,,,,,,,,,,,,,,,,,,,,,,,,,,,,,,,https://cdn.shopify.com/s/files/1/0946/4214/3527/files/65.png?v=1757237134,3,,,,,,,,,,,,,,,,,,,,,,,,,,,,,,,,,,,,,,,
balancing-act-coffee-table,,,,,,,,,,,,,,,,,,,,,,,,,,,,,,,,https://cdn.shopify.com/s/files/1/0946/4214/3527/files/83.png?v=1757237133,4,,,,,,,,,,,,,,,,,,,,,,,,,,,,,,,,,,,,,,,
balancing-act-coffee-table,,,,,,,,,,,,,,,,,,,,,,,,,,,,,,,,https://cdn.shopify.com/s/files/1/0946/4214/3527/files/99.png?v=1757237133,5,,,,,,,,,,,,,,,,,,,,,,,,,,,,,,,,,,,,,,,
balancing-act-coffee-table,,,,,,,,,,,,,,,,,,,,,,,,,,,,,,,,https://cdn.shopify.com/s/files/1/0946/4214/3527/files/170.png?v=1757237133,6,,,,,,,,,,,,,,,,,,,,,,,,,,,,,,,,,,,,,,,
balancing-act-coffee-table,,,,,,,,,,,,,,,,,,,,,,,,,,,,,,,,https://cdn.shopify.com/s/files/1/0946/4214/3527/files/222.png?v=1757237133,7,,,,,,,,,,,,,,,,,,,,,,,,,,,,,,,,,,,,,,,
balancing-act-coffee-table,,,,,,,,,,,,,,,,,,,,,,,,,,,,,,,,https://cdn.shopify.com/s/files/1/0946/4214/3527/files/204.png?v=1757237133,8,,,,,,,,,,,,,,,,,,,,,,,,,,,,,,,,,,,,,,,
set-in-stone-table-lamp,"Set in Stone Table Lamp","<p><meta charset=""utf-8"">Nature's sculpture illuminated. The Set in Stone Table Lamp features a dramatic curved black stone base with raw, weathered texture that cradles a glowing orb at its peak. Each lamp is unique, carved by natural forces and finished by hand, the organic form creates an artistic statement while providing warm ambient light. This striking piece brings geological beauty and soft illumination to modern interiors.</p>",leidenschaft.in,"Home & Garden > Lighting > Lamps > Table Lamps",,"Echoes of the earth",true,Title,"Default Title",,,,,,,,"LD-TL-ST 1",2200.0,shopify,100,deny,manual,18000.00,,true,true,,,,,,https://cdn.shopify.com/s/files/1/0946/4214/3527/files/114.png?v=1757236996,1,,false,,,,,,,,,,,,,,"L 4.5"" W 3"" H 13""",,"Engineered Concrete | Metal ",,,,,"yellow; white; black; brown; gray",,,,,warm-white,,,,,,,,kg,,,active
set-in-stone-table-lamp,,,,,,,,,,,,,,,,,,,,,,,,,,,,,,,,https://cdn.shopify.com/s/files/1/0946/4214/3527/files/195.png?v=1757236996,2,,,,,,,,,,,,,,,,,,,,,,,,,,,,,,,,,,,,,,,
set-in-stone-table-lamp,,,,,,,,,,,,,,,,,,,,,,,,,,,,,,,,https://cdn.shopify.com/s/files/1/0946/4214/3527/files/59.png?v=1757236997,3,,,,,,,,,,,,,,,,,,,,,,,,,,,,,,,,,,,,,,,
set-in-stone-table-lamp,,,,,,,,,,,,,,,,,,,,,,,,,,,,,,,,https://cdn.shopify.com/s/files/1/0946/4214/3527/files/56.png?v=1757236996,4,,,,,,,,,,,,,,,,,,,,,,,,,,,,,,,,,,,,,,,
set-in-stone-table-lamp,,,,,,,,,,,,,,,,,,,,,,,,,,,,,,,,https://cdn.shopify.com/s/files/1/0946/4214/3527/files/15.png?v=1757236996,5,,,,,,,,,,,,,,,,,,,,,,,,,,,,,,,,,,,,,,,
set-in-stone-table-lamp,,,,,,,,,,,,,,,,,,,,,,,,,,,,,,,,https://cdn.shopify.com/s/files/1/0946/4214/3527/files/17.png?v=1757236997,6,,,,,,,,,,,,,,,,,,,,,,,,,,,,,,,,,,,,,,,
anchored-hanging-lamp-i-ii-iii-iv,"Anchored Hanging Lamp I/II/III/IV","<p><meta charset=""utf-8"">Floating illumination anchored by nature. The Anchored Hanging Lamp Collection features three glowing orbs suspended at varying heights, each paired with raw black stone elements that add organic weight to the ethereal design. These sculptural pendants create dramatic focal points over dining tables, kitchen islands, or stairwells. The contrast between rough stone and smooth glass brings textural sophistication while casting warm, layered light throughout the space.</p>",leidenschaft.in,"Home & Garden > Lighting > Lighting Fixtures > Chandeliers",,"Echoes of the earth",true,Title,"Default Title",,,,,,,,"LD-CL-A 2",1100.0,shopify,100,deny,manual,17000.00,,true,true,,,,,,https://cdn.shopify.com/s/files/1/0946/4214/3527/files/36.png?v=1757236892,1,,false,,"Floating illumination anchored by nature. The Anchored Hanging Lamp Collection features three glowing orbs suspended at varying heights, each paired with raw black stone elements that add organic weight to the ethereal design. These sculptural pendants create dramatic focal points over dining tables, kitchen islands, or stairwells. The contrast between rough stone and smooth glass brings textural sophistication while casting warm, layered light throughout the space.
Available a a set of 3 hanging lights , with a round plate for celling installation. ",,,,,,,,,,,,"W 3"" H 53"", 52"",  34""",,"Engineered Concrete | Metal ",,,,e27,"black; white",,,,,warm-white,"fabric; metal",,,,"modern; minimalist",,,kg,,,active
anchored-hanging-lamp-i-ii-iii-iv,,,,,,,,,,,,,,,,,,,,,,,,,,,,,,,,https://cdn.shopify.com/s/files/1/0946/4214/3527/files/127.png?v=1757236892,2,,,,,,,,,,,,,,,,,,,,,,,,,,,,,,,,,,,,,,,
anchored-hanging-lamp-i-ii-iii-iv,,,,,,,,,,,,,,,,,,,,,,,,,,,,,,,,https://cdn.shopify.com/s/files/1/0946/4214/3527/files/160.png?v=1757236892,3,,,,,,,,,,,,,,,,,,,,,,,,,,,,,,,,,,,,,,,
anchored-floor-lamp,"Anchored Floor Lamp","<p><meta charset=""utf-8"">Towering elegance with earthy roots. The Anchored Floor Lamp features a striking tapered concrete column that rises from textured base to smooth peak, crowned by a terracotta accent and glowing orb. Standing tall as functional sculpture, this floor lamp provides warm ambient lighting while serving as an artistic focal point. The natural gradient texture and substantial form bring grounded sophistication to living rooms, reading corners, or entryways</p>",leidenschaft.in,"Home & Garden > Lighting > Lamps > Floor Lamps",,"Echoes of the earth",true,Title,"Default Title",,,,,,,,"LD-FL-A 1",13000.0,shopify,100,deny,manual,35000.00,,true,true,,,,,,https://cdn.shopify.com/s/files/1/0946/4214/3527/files/181.png?v=1757236591,1,,false,,,,,,,,,,,,,,"Dia 12"" H 45""",,"Engineered Concrete | Metal | Engineered Wood",,,,,"red; white",,,,,warm-white,,,,,,,,kg,,,active
anchored-floor-lamp,,,,,,,,,,,,,,,,,,,,,,,,,,,,,,,,https://cdn.shopify.com/s/files/1/0946/4214/3527/files/177.png?v=1757236591,2,,,,,,,,,,,,,,,,,,,,,,,,,,,,,,,,,,,,,,,
anchored-floor-lamp,,,,,,,,,,,,,,,,,,,,,,,,,,,,,,,,https://cdn.shopify.com/s/files/1/0946/4214/3527/files/163.png?v=1757236592,3,,,,,,,,,,,,,,,,,,,,,,,,,,,,,,,,,,,,,,,
anchored-floor-lamp,,,,,,,,,,,,,,,,,,,,,,,,,,,,,,,,https://cdn.shopify.com/s/files/1/0946/4214/3527/files/131.png?v=1757236591,4,,,,,,,,,,,,,,,,,,,,,,,,,,,,,,,,,,,,,,,
anchored-floor-lamp,,,,,,,,,,,,,,,,,,,,,,,,,,,,,,,,https://cdn.shopify.com/s/files/1/0946/4214/3527/files/49.png?v=1757236592,5,,,,,,,,,,,,,,,,,,,,,,,,,,,,,,,,,,,,,,,
anchored-table-lamp,"Anchored Table Lamp","<p><meta charset=""utf-8"">Sculptural lighting with organic appeal. The Anchored Table Lamp features a conical concrete base with rich textural gradients, topped by a playful terracotta element supporting a warm glowing orb. This compact design brings both ambient lighting and artistic presence to bedside tables, desks, or shelves. The signature texture transition from rough to smooth concrete adds visual depth while the coral accent provides a pop of color.</p>",leidenschaft.in,"Home & Garden > Lighting > Lamps > Table Lamps",,"Echoes of the earth",true,Title,"Default Title",,,,,,,,"LD-TL-A 1",3400.0,shopify,99,deny,manual,15500.00,,true,true,,,,,,https://cdn.shopify.com/s/files/1/0946/4214/3527/files/74.png?v=1757236465,1,,false,,,,,,,,,,,,,,"L 5.6"" W 5"" H 13.7""",,"Engineered Concrete | Metal | Engineered Wood ",,,,,"geometric; white",,,,,warm-white,,,,,,,,kg,,,active
anchored-table-lamp,,,,,,,,,,,,,,,,,,,,,,,,,,,,,,,,https://cdn.shopify.com/s/files/1/0946/4214/3527/files/101.png?v=1757236465,2,,,,,,,,,,,,,,,,,,,,,,,,,,,,,,,,,,,,,,,
anchored-table-lamp,,,,,,,,,,,,,,,,,,,,,,,,,,,,,,,,https://cdn.shopify.com/s/files/1/0946/4214/3527/files/203.png?v=1757236465,3,,,,,,,,,,,,,,,,,,,,,,,,,,,,,,,,,,,,,,,
anchored-table-lamp,,,,,,,,,,,,,,,,,,,,,,,,,,,,,,,,https://cdn.shopify.com/s/files/1/0946/4214/3527/files/224.png?v=1757236465,4,,,,,,,,,,,,,,,,,,,,,,,,,,,,,,,,,,,,,,,
anchored-table-lamp,,,,,,,,,,,,,,,,,,,,,,,,,,,,,,,,https://cdn.shopify.com/s/files/1/0946/4214/3527/files/228.png?v=1757236465,5,,,,,,,,,,,,,,,,,,,,,,,,,,,,,,,,,,,,,,,
balancing-act-floor-lamp,"Balancing Act Floor Lamp","<p><span data-sheets-root=""1"">A climb of stone and light — each glow a marker, guiding the form upward.</span></p>",leidenschaft.in,"Home & Garden > Lighting > Lamps > Floor Lamps",,"Echoes of the earth",false,Title,"Default Title",,,,,,,,"LD-FL-BA 4",48000.0,shopify,100,deny,manual,112500.00,,true,true,,,,,,https://cdn.shopify.com/s/files/1/0946/4214/3527/files/142.png?v=1757236337,1,,false,,,,,,,,,,,,,,"L 15.6"" W 11"" H 43""",,"Engineered Concrete | Metal ",,,,,"geometric; red; black",,,,,cool-white,,,,,,,,kg,,,draft
balancing-act-floor-lamp,,,,,,,,,,,,,,,,,,,,,,,,,,,,,,,,https://cdn.shopify.com/s/files/1/0946/4214/3527/files/122.png?v=1757236337,2,,,,,,,,,,,,,,,,,,,,,,,,,,,,,,,,,,,,,,,
balancing-act-floor-lamp,,,,,,,,,,,,,,,,,,,,,,,,,,,,,,,,https://cdn.shopify.com/s/files/1/0946/4214/3527/files/115.png?v=1757236337,3,,,,,,,,,,,,,,,,,,,,,,,,,,,,,,,,,,,,,,,
balancing-act-floor-lamp,,,,,,,,,,,,,,,,,,,,,,,,,,,,,,,,https://cdn.shopify.com/s/files/1/0946/4214/3527/files/69.png?v=1757236338,4,,,,,,,,,,,,,,,,,,,,,,,,,,,,,,,,,,,,,,,
balancing-act-floor-lamp,,,,,,,,,,,,,,,,,,,,,,,,,,,,,,,,https://cdn.shopify.com/s/files/1/0946/4214/3527/files/29.png?v=1757236338,5,,,,,,,,,,,,,,,,,,,,,,,,,,,,,,,,,,,,,,,
on-axis-table-lamp-ii,"On Axis Table Lamp II","<p><meta charset=""utf-8"">Balanced illumination meets sculptural form. The On Axis Table Lamp II features a warm globe light resting on a smooth terracotta stone, creating a serene focal point for any space. The organic, pebble-like base adds earthy texture while the soft orb diffuses ambient light. This minimalist design brings both function and artistry to bedside tables, desks, or living spaces. Handcrafted with natural materials for timeless appeal.</p>",leidenschaft.in,"Home & Garden > Lighting > Lamps > Table Lamps",,"Echoes of the earth",true,Title,"Default Title",,,,,,,,"LD-TL -AX 2",1800.0,shopify,100,deny,manual,9500.00,,true,true,,,,,,https://cdn.shopify.com/s/files/1/0946/4214/3527/files/146.png?v=1757236097,1,,false,,,,,,,,,,,,,,"L 12.8"" W 4"" H 5.7""",,"Engineered Concrete | Metal ",,,,,"red; geometric; white",,,,,cool-white,,,,,,,,kg,,,active
on-axis-table-lamp-ii,,,,,,,,,,,,,,,,,,,,,,,,,,,,,,,,https://cdn.shopify.com/s/files/1/0946/4214/3527/files/173.png?v=1757236097,2,,,,,,,,,,,,,,,,,,,,,,,,,,,,,,,,,,,,,,,
on-axis-table-lamp-ii,,,,,,,,,,,,,,,,,,,,,,,,,,,,,,,,https://cdn.shopify.com/s/files/1/0946/4214/3527/files/223.png?v=1757236097,3,,,,,,,,,,,,,,,,,,,,,,,,,,,,,,,,,,,,,,,
on-axis-table-lamp-ii,,,,,,,,,,,,,,,,,,,,,,,,,,,,,,,,https://cdn.shopify.com/s/files/1/0946/4214/3527/files/225.png?v=1757236097,4,,,,,,,,,,,,,,,,,,,,,,,,,,,,,,,,,,,,,,,
on-axis-table-lamp-i,"On Axis Table Lamp I","<p><span data-sheets-root=""1"">A quiet thought, glowing softly in the corner of a room.</span></p>",leidenschaft.in,"Home & Garden > Lighting > Lamps > Table Lamps",,"Echoes of the earth",true,Title,"Default Title",,,,,,,,"LD-TL-AX 1",1280.0,shopify,100,deny,manual,9500.00,,true,true,,,,,,https://cdn.shopify.com/s/files/1/0946/4214/3527/files/192.png?v=1757235982,1,,false,,,,,,,,,,,,,,"L 12.8"" W 5.5"" H 5.2""",,"Engineered Concrete | Metal ",,,,,"black; brown",,,,,warm-white,,,,,,,,kg,,,active
on-axis-table-lamp-i,,,,,,,,,,,,,,,,,,,,,,,,,,,,,,,,https://cdn.shopify.com/s/files/1/0946/4214/3527/files/183.png?v=1757235982,2,,,,,,,,,,,,,,,,,,,,,,,,,,,,,,,,,,,,,,,
on-axis-table-lamp-i,,,,,,,,,,,,,,,,,,,,,,,,,,,,,,,,https://cdn.shopify.com/s/files/1/0946/4214/3527/files/25.png?v=1757235982,3,,,,,,,,,,,,,,,,,,,,,,,,,,,,,,,,,,,,,,,
